{"stats":{"minecraft:mined":{"minecraft:large_amethyst_bud":2,"minecraft:crafting_table":4,"minecraft:budding_amethyst":2,"minecraft:grass_block":5,"minecraft:spruce_leaves":3,"minecraft:sugar_cane":6,"minecraft:amethyst_block":1,"minecraft:big_dripleaf":1,"minecraft:furnace":4,"minecraft:iron_ore":23,"minecraft:sweet_berry_bush":2,"minecraft:spruce_log":1,"treechop:chopped_log":13,"minecraft:coal_ore":29,"minecraft:deepslate_iron_ore":18,"minecraft:dirt":1,"minecraft:stone":22,"minecraft:deepslate":6,"minecraft:fern":2},"minecraft:used":{"minecraft:amethyst_block":5,"minecraft:stone_pickaxe":16,"minecraft:torch":11,"minecraft:dirt":2,"minecraft:crafting_table":4,"minecraft:big_dripleaf":1,"minecraft:iron_axe":101,"minecraft:iron_pickaxe":91,"minecraft:iron_helmet":1,"minecraft:iron_boots":1,"minecraft:sweet_berries":42,"minecraft:furnace":4,"minecraft:cooked_porkchop":10,"minecraft:oak_boat":1},"minecraft:picked_up":{"minecraft:charcoal":1,"minecraft:crafting_table":4,"minecraft:oak_log":4,"minecraft:amethyst_block":5,"minecraft:dirt":6,"minecraft:bone":2,"minecraft:bow":1,"minecraft:cobbled_deepslate":6,"minecraft:raw_gold":8,"minecraft:iron_ingot":6,"minecraft:calcite":1,"minecraft:sugar_cane":15,"minecraft:oak_planks":53,"minecraft:spruce_trapdoor":1,"minecraft:furnace":4,"minecraft:raw_iron":74,"minecraft:stick":17,"minecraft:cooked_porkchop":8,"minecraft:sweet_berries":49,"minecraft:big_dripleaf":1,"sophisticatedbackpacks:backpack":1,"minecraft:amethyst_shard":1,"minecraft:spruce_sapling":35,"minecraft:white_bed":1,"minecraft:spruce_log":92,"minecraft:arrow":5,"minecraft:tropical_fish":1,"minecraft:bread":15,"minecraft:coal":46,"minecraft:cobblestone":35},"minecraft:crafted":{"minecraft:cooked_porkchop":2,"minecraft:crafting_table":1,"minecraft:iron_helmet":1,"minecraft:furnace":2,"sophisticatedbackpacks:gold_backpack":1,"minecraft:air":0,"minecraft:oak_boat":2,"minecraft:iron_boots":1,"minecraft:iron_chestplate":1,"minecraft:charcoal":4,"minecraft:shield":1,"minecraft:iron_axe":1,"minecraft:stick":16,"minecraft:iron_ingot":45,"minecraft:iron_pickaxe":1,"minecraft:stone_pickaxe":1,"minecraft:iron_leggings":1,"minecraft:gold_ingot":8,"minecraft:torch":56,"sophisticatedbackpacks:iron_backpack":1},"minecraft:custom":{"minecraft:interact_with_furnace":50,"minecraft:mob_kills":2,"minecraft:interact_with_crafting_table":14,"minecraft:leave_game":2,"minecraft:time_since_death":64062,"minecraft:climb_one_cm":427,"minecraft:time_since_rest":64062,"minecraft:sprint_one_cm":154182,"minecraft:damage_taken":1174,"minecraft:walk_one_cm":92086,"minecraft:drop":3,"minecraft:damage_dealt":329,"minecraft:swim_one_cm":14430,"minecraft:talked_to_villager":2,"minecraft:fly_one_cm":320567,"minecraft:open_chest":3,"minecraft:crouch_one_cm":1467,"minecraft:play_time":64062,"minecraft:sneak_time":556,"minecraft:walk_under_water_one_cm":4237,"minecraft:boat_one_cm":82938,"minecraft:jump":1371,"minecraft:walk_on_water_one_cm":15329,"minecraft:total_world_time":64062,"minecraft:fall_one_cm":41423},"minecraft:killed":{"minecraft:skeleton":2},"minecraft:dropped":{"minecraft:tropical_fish":1,"minecraft:coal":22,"minecraft:stone_pickaxe":1}},"DataVersion":3465}