{"stats":{"minecraft:mined":{"minecraft:crafting_table":4,"minecraft:grass_block":4,"minecraft:spruce_leaves":3,"minecraft:sugar_cane":5,"minecraft:big_dripleaf":1,"minecraft:furnace":4,"minecraft:iron_ore":2,"minecraft:sweet_berry_bush":2,"minecraft:spruce_log":1,"treechop:chopped_log":13,"minecraft:coal_ore":28,"minecraft:deepslate_iron_ore":18,"minecraft:dirt":1,"minecraft:stone":19,"minecraft:deepslate":6,"minecraft:fern":2},"minecraft:used":{"minecraft:stone_pickaxe":16,"minecraft:torch":9,"minecraft:dirt":1,"minecraft:crafting_table":4,"minecraft:big_dripleaf":1,"minecraft:iron_axe":98,"minecraft:iron_pickaxe":61,"minecraft:iron_helmet":1,"minecraft:iron_boots":1,"minecraft:sweet_berries":3,"minecraft:furnace":4,"minecraft:cooked_porkchop":9,"minecraft:oak_boat":1},"minecraft:picked_up":{"minecraft:charcoal":1,"minecraft:crafting_table":4,"minecraft:oak_log":4,"minecraft:dirt":5,"minecraft:cobbled_deepslate":6,"minecraft:raw_gold":8,"minecraft:iron_ingot":6,"minecraft:sugar_cane":11,"minecraft:oak_planks":53,"minecraft:spruce_trapdoor":1,"minecraft:furnace":4,"minecraft:raw_iron":53,"minecraft:stick":17,"minecraft:cooked_porkchop":8,"minecraft:sweet_berries":49,"minecraft:big_dripleaf":1,"sophisticatedbackpacks:backpack":1,"minecraft:spruce_sapling":35,"minecraft:white_bed":1,"minecraft:spruce_log":92,"minecraft:arrow":3,"minecraft:tropical_fish":1,"minecraft:bread":15,"minecraft:coal":45,"minecraft:cobblestone":32},"minecraft:crafted":{"minecraft:cooked_porkchop":2,"minecraft:crafting_table":1,"minecraft:iron_helmet":1,"minecraft:furnace":2,"sophisticatedbackpacks:gold_backpack":1,"minecraft:air":0,"minecraft:oak_boat":2,"minecraft:iron_boots":1,"minecraft:iron_chestplate":1,"minecraft:charcoal":4,"minecraft:shield":1,"minecraft:iron_axe":1,"minecraft:stick":16,"minecraft:iron_ingot":45,"minecraft:iron_pickaxe":1,"minecraft:stone_pickaxe":1,"minecraft:iron_leggings":1,"minecraft:gold_ingot":8,"minecraft:torch":56,"sophisticatedbackpacks:iron_backpack":1},"minecraft:custom":{"minecraft:interact_with_furnace":50,"minecraft:mob_kills":1,"minecraft:interact_with_crafting_table":14,"minecraft:leave_game":1,"minecraft:time_since_death":46713,"minecraft:climb_one_cm":427,"minecraft:time_since_rest":46713,"minecraft:sprint_one_cm":109613,"minecraft:damage_taken":758,"minecraft:walk_one_cm":63323,"minecraft:drop":3,"minecraft:damage_dealt":57,"minecraft:swim_one_cm":12806,"minecraft:talked_to_villager":2,"minecraft:fly_one_cm":174911,"minecraft:open_chest":3,"minecraft:crouch_one_cm":1467,"minecraft:play_time":46713,"minecraft:sneak_time":556,"minecraft:walk_under_water_one_cm":627,"minecraft:boat_one_cm":82938,"minecraft:jump":764,"minecraft:walk_on_water_one_cm":7702,"minecraft:total_world_time":46713,"minecraft:fall_one_cm":20309},"minecraft:killed":{"minecraft:skeleton":1},"minecraft:dropped":{"minecraft:tropical_fish":1,"minecraft:coal":22,"minecraft:stone_pickaxe":1}},"DataVersion":3465}