{"stats":{"minecraft:crafted":{"minecraft:cooked_porkchop":2,"minecraft:crafting_table":1,"minecraft:spruce_planks":32,"minecraft:iron_helmet":1,"minecraft:furnace":2,"sophisticatedbackpacks:gold_backpack":1,"minecraft:bucket":1,"minecraft:air":0,"minecraft:oak_boat":2,"minecraft:iron_boots":1,"minecraft:iron_chestplate":1,"minecraft:charcoal":4,"minecraft:shield":1,"minecraft:iron_axe":1,"sophisticatedbackpacks:diamond_backpack":1,"minecraft:stick":16,"minecraft:iron_ingot":45,"minecraft:iron_pickaxe":1,"minecraft:stone_pickaxe":1,"minecraft:chest":4,"minecraft:iron_shovel":3,"minecraft:iron_leggings":1,"minecraft:gold_ingot":8,"minecraft:torch":60,"sophisticatedbackpacks:iron_backpack":1},"minecraft:used":{"minecraft:amethyst_block":5,"minecraft:iron_shovel":773,"minecraft:stone_pickaxe":16,"sophisticatedbackpacks:copper_backpack":1,"minecraft:chest":4,"minecraft:shield":3,"minecraft:torch":60,"minecraft:dirt":6,"minecraft:crafting_table":7,"minecraft:white_bed":1,"minecraft:big_dripleaf":1,"minecraft:iron_axe":130,"minecraft:bread":32,"minecraft:iron_pickaxe":110,"minecraft:iron_helmet":1,"minecraft:iron_boots":1,"minecraft:sweet_berries":42,"minecraft:furnace":6,"minecraft:cooked_porkchop":10,"minecraft:oak_boat":1},"minecraft:broken":{"minecraft:iron_shovel":3},"minecraft:killed":{"minecraft:skeleton":5,"minecraft:zombie":2,"minecraft:glow_squid":3},"minecraft:mined":{"minecraft:podzol":11,"minecraft:large_amethyst_bud":2,"minecraft:deepslate_diamond_ore":6,"minecraft:dandelion":1,"minecraft:crafting_table":6,"minecraft:budding_amethyst":2,"minecraft:grass_block":714,"minecraft:tall_grass":7,"minecraft:spruce_leaves":3,"minecraft:deepslate_gold_ore":5,"minecraft:sugar_cane":6,"minecraft:big_dripleaf":1,"minecraft:amethyst_block":1,"minecraft:furnace":4,"minecraft:iron_ore":23,"minecraft:sweet_berry_bush":2,"minecraft:spruce_log":1,"treechop:chopped_log":13,"minecraft:grass":81,"minecraft:pointed_dripstone":2,"minecraft:coal_ore":29,"minecraft:deepslate_iron_ore":23,"minecraft:dirt":31,"minecraft:stone":22,"minecraft:deepslate":9,"minecraft:fern":2},"minecraft:custom":{"minecraft:interact_with_furnace":50,"minecraft:mob_kills":10,"minecraft:interact_with_crafting_table":20,"minecraft:leave_game":2,"minecraft:time_since_death":113626,"minecraft:climb_one_cm":427,"minecraft:time_since_rest":113626,"minecraft:sprint_one_cm":294111,"minecraft:damage_taken":2623,"minecraft:walk_one_cm":230919,"minecraft:damage_blocked_by_shield":540,"minecraft:drop":9,"minecraft:damage_dealt":1748,"minecraft:swim_one_cm":15400,"minecraft:talked_to_villager":2,"minecraft:fly_one_cm":567809,"minecraft:open_chest":5,"minecraft:crouch_one_cm":1944,"minecraft:play_time":113626,"minecraft:sneak_time":773,"minecraft:walk_under_water_one_cm":7840,"minecraft:boat_one_cm":82938,"minecraft:jump":2370,"minecraft:walk_on_water_one_cm":18980,"minecraft:total_world_time":113626,"minecraft:fall_one_cm":73923},"minecraft:dropped":{"minecraft:bread":1,"minecraft:tropical_fish":1,"minecraft:white_bed":1,"minecraft:coal":22,"minecraft:dirt":178,"minecraft:amethyst_shard":1,"minecraft:stone_pickaxe":1},"minecraft:picked_up":{"minecraft:charcoal":1,"minecraft:crafting_table":6,"minecraft:azure_bluet":2,"minecraft:glow_ink_sac":9,"minecraft:brown_wool":1,"minecraft:potato":1,"minecraft:oak_log":4,"minecraft:amethyst_block":5,"minecraft:dirt":787,"minecraft:bone":5,"minecraft:bow":1,"minecraft:wheat_seeds":39,"minecraft:cobbled_deepslate":13,"minecraft:raw_gold":13,"minecraft:iron_ingot":6,"minecraft:calcite":1,"minecraft:sugar_cane":15,"minecraft:oak_planks":60,"minecraft:spruce_trapdoor":1,"minecraft:furnace":4,"minecraft:egg":9,"minecraft:stick":17,"minecraft:raw_iron":78,"minecraft:cooked_porkchop":8,"minecraft:sweet_berries":49,"minecraft:big_dripleaf":1,"minecraft:dandelion":7,"sophisticatedbackpacks:backpack":1,"minecraft:amethyst_shard":1,"minecraft:spruce_sapling":35,"minecraft:pointed_dripstone":2,"minecraft:white_bed":2,"minecraft:spruce_log":92,"minecraft:arrow":10,"minecraft:rotten_flesh":6,"minecraft:diamond":8,"minecraft:tropical_fish":1,"minecraft:bread":48,"sophisticatedbackpacks:copper_backpack":1,"minecraft:mutton":2,"minecraft:coal":46,"minecraft:cobblestone":35}},"DataVersion":3465}