{"stats":{"minecraft:used":{"waystones:waystone":2,"minecraft:flint_and_steel":17,"minecraft:carrot_on_a_stick":1,"minecraft:oak_planks":74,"minecraft:chicken_spawn_egg":1,"minecraft:axolotl_spawn_egg":1,"minecraft:candle":16,"minecraft:deepslate":3,"sculkhorde:sculk_ancient_node":1},"minecraft:killed":{"minecraft:axolotl":1,"minecraft:chicken":1},"minecraft:dropped":{"minecraft:echo_shard":1},"minecraft:picked_up":{"minecraft:feather":1,"minecraft:chicken":1},"minecraft:custom":{"minecraft:time_since_rest":274,"minecraft:waystone_activated":2,"minecraft:crouch_one_cm":361,"minecraft:damage_taken":530,"minecraft:sprint_one_cm":887,"minecraft:play_time":9477,"minecraft:deaths":4,"minecraft:walk_one_cm":9130,"minecraft:sneak_time":686,"minecraft:mob_kills":2,"minecraft:drop":1,"minecraft:jump":17,"minecraft:damage_dealt":180,"minecraft:leave_game":4,"minecraft:time_since_death":250,"minecraft:total_world_time":9757,"minecraft:fall_one_cm":3699,"minecraft:fly_one_cm":56604}},"DataVersion":3465}