{"stats":{"minecraft:mined":{"minecraft:white_bed":3,"minecraft:grass_block":1,"minecraft:spruce_leaves":1,"minecraft:moss_block":2,"minecraft:hay_block":59,"minecraft:furnace":6,"minecraft:iron_ore":29,"minecraft:moss_carpet":1,"minecraft:pumpkin":1,"treechop:chopped_log":5,"minecraft:deepslate_lapis_ore":3,"minecraft:fletching_table":1,"minecraft:gold_block":1,"minecraft:cave_vines":1,"minecraft:deepslate_iron_ore":55,"minecraft:stone":31,"minecraft:clay":1,"minecraft:crafting_table":8,"minecraft:blast_furnace":1,"minecraft:tall_grass":3,"minecraft:deepslate_gold_ore":19,"minecraft:grindstone":2,"minecraft:sugar_cane":3,"minecraft:wall_torch":1,"minecraft:grass":2,"minecraft:oak_log":12,"minecraft:coal_ore":15,"minecraft:cobweb":10,"minecraft:stonecutter":1,"minecraft:gold_ore":2,"minecraft:deepslate":10},"minecraft:used":{"minecraft:azalea":3,"minecraft:moss_block":2,"minecraft:moss_carpet":3,"minecraft:stone_sword":31,"minecraft:tropical_fish":1,"minecraft:shield":25,"minecraft:iron_sword":48,"minecraft:stone_hoe":59,"minecraft:cooked_chicken":2,"minecraft:rotten_flesh":6,"minecraft:iron_chestplate":1,"minecraft:torch":42,"minecraft:dirt":12,"minecraft:grass_block":1,"minecraft:iron_helmet":1,"minecraft:iron_boots":1,"minecraft:furnace":6,"minecraft:cobbled_deepslate":4,"minecraft:iron_leggings":1,"minecraft:cooked_mutton":9,"minecraft:water_bucket":4,"minecraft:stone_pickaxe":112,"minecraft:wooden_pickaxe":34,"minecraft:crafting_table":8,"minecraft:white_bed":3,"waystones:waystone":3,"minecraft:iron_pickaxe":36,"minecraft:stone_axe":93,"minecraft:cobblestone":2,"minecraft:cooked_porkchop":2,"minecraft:bucket":5,"minecraft:pumpkin_pie":2},"minecraft:picked_up":{"minecraft:crafting_table":8,"minecraft:chicken":8,"minecraft:clay_ball":4,"minecraft:gold_block":1,"minecraft:string":12,"minecraft:moss_carpet":3,"minecraft:iron_leggings":1,"minecraft:cobbled_deepslate":10,"minecraft:beef":41,"minecraft:azalea":4,"minecraft:sugar_cane":10,"minecraft:egg":2,"minecraft:iron_boots":1,"minecraft:furnace":6,"minecraft:stick":6,"minecraft:raw_iron":82,"minecraft:torch":1,"minecraft:porkchop":18,"minecraft:arrow":5,"minecraft:rotten_flesh":6,"minecraft:tropical_fish":1,"minecraft:hay_block":60,"minecraft:glow_berries":1,"minecraft:mutton":9,"minecraft:cobblestone":31,"minecraft:white_wool":6,"minecraft:feather":8,"minecraft:leather":16,"minecraft:oak_log":32,"minecraft:lapis_lazuli":24,"minecraft:dirt":13,"minecraft:bone":5,"minecraft:stonecutter":1,"minecraft:bow":2,"minecraft:wheat_seeds":3,"minecraft:raw_gold":21,"minecraft:grindstone":2,"minecraft:fletching_table":1,"minecraft:moss_block":2,"minecraft:stone_hoe":1,"minecraft:pumpkin":1,"minecraft:spruce_sapling":2,"sophisticatedbackpacks:iron_backpack":1,"minecraft:blast_furnace":1,"minecraft:white_bed":3,"minecraft:spruce_log":14,"minecraft:spider_eye":1,"waystones:waystone":4,"minecraft:iron_helmet":1,"minecraft:oak_sapling":5,"minecraft:coal":37},"minecraft:custom":{"minecraft:mob_kills":57,"minecraft:interact_with_crafting_table":17,"minecraft:damage_dealt_resisted":264,"minecraft:leave_game":1,"minecraft:time_since_death":84272,"minecraft:climb_one_cm":899,"minecraft:sprint_one_cm":259792,"minecraft:walk_one_cm":207587,"minecraft:damage_blocked_by_shield":1410,"minecraft:drop":20,"minecraft:play_time":84272,"minecraft:sneak_time":2748,"minecraft:walk_under_water_one_cm":8088,"minecraft:boat_one_cm":15174,"minecraft:jump":1210,"minecraft:walk_on_water_one_cm":18375,"minecraft:total_world_time":84272,"minecraft:interact_with_furnace":85,"minecraft:sleep_in_bed":3,"minecraft:time_since_rest":17018,"minecraft:waystone_activated":4,"minecraft:damage_taken":618,"minecraft:damage_dealt":6462,"minecraft:swim_one_cm":14090,"minecraft:fly_one_cm":417412,"minecraft:open_chest":17,"minecraft:crouch_one_cm":7028,"minecraft:fall_one_cm":23168},"minecraft:crafted":{"minecraft:oak_planks":112,"minecraft:stone_shovel":1,"minecraft:cooked_chicken":6,"minecraft:furnace":1,"minecraft:cooked_mutton":9,"minecraft:iron_boots":1,"minecraft:stone_pickaxe":1,"minecraft:chest":2,"minecraft:stone_hoe":1,"sophisticatedbackpacks:iron_backpack":1,"minecraft:cooked_beef":8,"sophisticatedbackpacks:backpack":2,"minecraft:cooked_porkchop":16,"minecraft:crafting_table":1,"minecraft:spruce_planks":56,"minecraft:wooden_pickaxe":1,"minecraft:iron_helmet":1,"minecraft:iron_sword":1,"sophisticatedbackpacks:gold_backpack":1,"minecraft:bucket":1,"minecraft:stone_axe":1,"minecraft:air":0,"minecraft:iron_chestplate":1,"minecraft:shield":1,"minecraft:stick":20,"minecraft:iron_ingot":47,"minecraft:iron_pickaxe":1,"minecraft:stone_sword":1,"minecraft:iron_leggings":1,"minecraft:gold_ingot":8,"minecraft:white_bed":2,"minecraft:torch":40},"minecraft:killed":{"minecraft:witch":1,"minecraft:skeleton":4,"minecraft:chicken":8,"minecraft:pig":10,"minecraft:sheep":6,"minecraft:zombie":7,"minecraft:cow":19},"minecraft:dropped":{"minecraft:stone_hoe":1,"minecraft:iron_ingot":6,"minecraft:bread":15,"minecraft:oak_log":4,"minecraft:cooked_porkchop":8,"minecraft:cobblestone":10,"minecraft:coal":6,"minecraft:raw_iron":32,"minecraft:clay_ball":4,"minecraft:oak_planks":53,"sophisticatedbackpacks:backpack":1,"minecraft:white_bed":1,"minecraft:spruce_planks":43,"minecraft:azalea":1,"minecraft:raw_gold":8}},"DataVersion":3465}