{"stats":{"minecraft:crafted":{"minecraft:oak_planks":112,"minecraft:stone_shovel":1,"minecraft:tinted_glass":4,"minecraft:blaze_powder":2,"minecraft:cooked_chicken":6,"minecraft:furnace":1,"minecraft:allay_spawn_egg":1,"minecraft:bone_meal":45,"minecraft:cooked_mutton":9,"minecraft:flint_and_steel":1,"minecraft:glass":2,"minecraft:diamond_helmet":2,"minecraft:diamond_leggings":2,"minecraft:iron_boots":1,"minecraft:iron_axe":10,"minecraft:melon_seeds":6,"minecraft:stone_pickaxe":1,"minecraft:chest":2,"minecraft:diamond_boots":2,"minecraft:stone_hoe":2,"minecraft:chainmail_leggings":12,"sophisticatedbackpacks:iron_backpack":1,"minecraft:wheat":540,"minecraft:cooked_beef":8,"minecraft:diamond_sword":2,"minecraft:emerald":206,"sophisticatedbackpacks:backpack":2,"minecraft:cooked_porkchop":16,"minecraft:crafting_table":1,"minecraft:spruce_planks":2388,"minecraft:wooden_pickaxe":1,"minecraft:iron_helmet":11,"minecraft:bell":4,"minecraft:iron_sword":1,"minecraft:chainmail_chestplate":12,"sophisticatedbackpacks:gold_backpack":1,"minecraft:bucket":1,"minecraft:stone_axe":2,"minecraft:air":0,"minecraft:bread":180,"minecraft:iron_chestplate":1,"minecraft:diamond_pickaxe":2,"minecraft:shield":2,"sophisticatedbackpacks:diamond_backpack":1,"minecraft:stick":4704,"minecraft:iron_ingot":47,"minecraft:iron_pickaxe":1,"minecraft:stone_sword":1,"minecraft:gold_ingot":8,"minecraft:iron_leggings":1,"minecraft:white_bed":2,"minecraft:torch":120,"minecraft:diamond_chestplate":2},"minecraft:used":{"minecraft:azalea":3,"minecraft:oak_trapdoor":2,"minecraft:moss_block":2,"minecraft:moss_carpet":3,"minecraft:stone_sword":31,"minecraft:tropical_fish":1,"minecraft:flint_and_steel":9,"minecraft:stone_shovel":135,"minecraft:shield":50,"minecraft:tinted_glass":4,"minecraft:iron_sword":171,"minecraft:bell":1,"minecraft:cooked_chicken":3,"minecraft:rotten_flesh":8,"minecraft:stone_hoe":254,"minecraft:netherrack":35,"minecraft:oak_door":2,"minecraft:iron_chestplate":1,"minecraft:torch":205,"minecraft:dirt":196,"minecraft:warped_wart_block":6,"minecraft:obsidian":10,"minecraft:glass":38,"minecraft:lava_bucket":1,"minecraft:iron_axe":72,"minecraft:grass_block":1,"minecraft:warped_nylium":1,"minecraft:iron_helmet":1,"minecraft:iron_boots":1,"minecraft:crimson_roots":1,"minecraft:melon_seeds":9,"minecraft:blaze_spawn_egg":1,"minecraft:oak_sapling":5,"minecraft:furnace":7,"minecraft:gold_block":4,"minecraft:potato":64,"minecraft:cobbled_deepslate":6,"minecraft:iron_leggings":1,"minecraft:calcite":1,"minecraft:cooked_mutton":9,"minecraft:water_bucket":24,"minecraft:amethyst_block":1,"minecraft:stone_pickaxe":116,"minecraft:oak_planks":765,"minecraft:cartography_table":8,"minecraft:wooden_pickaxe":60,"minecraft:sugar_cane":10,"minecraft:fletching_table":7,"minecraft:stonecutter":1,"minecraft:crafting_table":11,"minecraft:blast_furnace":11,"minecraft:white_bed":10,"minecraft:dripstone_block":9,"waystones:waystone":7,"minecraft:crying_obsidian":2,"minecraft:bread":32,"minecraft:iron_pickaxe":71,"minecraft:spruce_sapling":68,"minecraft:stone_axe":203,"minecraft:nether_wart_block":4,"minecraft:diamond_sword":1,"minecraft:potion":1,"minecraft:cobblestone":2,"minecraft:grindstone":2,"minecraft:smithing_table":1,"minecraft:cooked_porkchop":8,"minecraft:bucket":26,"minecraft:pumpkin_pie":2,"minecraft:yellow_bed":8,"minecraft:bone_meal":22},"minecraft:broken":{"minecraft:stone_hoe":1,"minecraft:wooden_pickaxe":1,"minecraft:shield":1,"minecraft:stone_axe":1,"minecraft:stone_shovel":1},"minecraft:killed":{"minecraft:cave_spider":1,"minecraft:witch":1,"minecraft:spider":4,"minecraft:skeleton":13,"minecraft:chicken":9,"minecraft:drowned":1,"minecraft:piglin":1,"minecraft:pig":10,"minecraft:creeper":2,"minecraft:sheep":6,"minecraft:zombie":23,"minecraft:blaze":1,"minecraft:cow":19},"minecraft:mined":{"minecraft:large_amethyst_bud":1,"minecraft:white_bed":9,"minecraft:deepslate_diamond_ore":10,"minecraft:grass_block":130,"minecraft:crimson_roots":1,"minecraft:spruce_leaves":5,"minecraft:moss_block":2,"minecraft:cartography_table":1,"minecraft:hay_block":59,"minecraft:furnace":6,"minecraft:iron_ore":29,"minecraft:pumpkin":1,"minecraft:moss_carpet":1,"treechop:chopped_log":13,"minecraft:deepslate_lapis_ore":3,"minecraft:fletching_table":1,"minecraft:gold_block":1,"minecraft:cave_vines":1,"minecraft:shroomlight":3,"minecraft:deepslate_iron_ore":55,"minecraft:stone":31,"minecraft:podzol":16,"minecraft:amethyst_cluster":1,"minecraft:clay":1,"minecraft:crafting_table":10,"minecraft:blast_furnace":2,"minecraft:calcite":2,"minecraft:melon":1,"minecraft:tall_grass":4,"minecraft:deepslate_gold_ore":19,"minecraft:grindstone":2,"minecraft:sugar_cane":3,"minecraft:wall_torch":1,"minecraft:amethyst_block":5,"minecraft:nether_wart_block":4,"minecraft:yellow_bed":5,"minecraft:grass":53,"minecraft:coal_ore":15,"minecraft:oak_log":12,"minecraft:sand":2,"minecraft:dripstone_block":3,"minecraft:dirt":3,"minecraft:cobweb":11,"minecraft:stonecutter":2,"minecraft:netherrack":25,"minecraft:gold_ore":2,"minecraft:deepslate":22},"minecraft:custom":{"minecraft:mob_kills":94,"minecraft:interact_with_crafting_table":25,"minecraft:damage_dealt_resisted":264,"minecraft:leave_game":6,"minecraft:time_since_death":197525,"minecraft:climb_one_cm":899,"minecraft:sprint_one_cm":589312,"minecraft:walk_one_cm":544233,"minecraft:damage_blocked_by_shield":2940,"minecraft:drop":108,"minecraft:damage_dealt_absorbed":80,"minecraft:talked_to_villager":68,"minecraft:play_time":197525,"minecraft:sneak_time":8202,"minecraft:walk_under_water_one_cm":14904,"minecraft:boat_one_cm":15174,"minecraft:jump":2754,"minecraft:walk_on_water_one_cm":31592,"minecraft:total_world_time":197525,"minecraft:interact_with_furnace":89,"minecraft:traded_with_villager":265,"minecraft:sleep_in_bed":4,"minecraft:time_since_rest":76797,"minecraft:waystone_activated":8,"minecraft:damage_taken":2339,"minecraft:damage_dealt":13425,"minecraft:swim_one_cm":33441,"minecraft:fly_one_cm":1287218,"minecraft:open_chest":55,"minecraft:crouch_one_cm":30739,"minecraft:fall_one_cm":58012},"minecraft:picked_up":{"minecraft:crafting_table":10,"minecraft:chicken":11,"minecraft:clay_ball":4,"minecraft:gold_block":2,"minecraft:diamond_horse_armor":1,"minecraft:amethyst_block":1,"minecraft:string":26,"minecraft:moss_carpet":3,"minecraft:iron_leggings":1,"minecraft:shroomlight":3,"minecraft:cartography_table":1,"minecraft:cobbled_deepslate":24,"minecraft:beef":74,"minecraft:calcite":1,"minecraft:azalea":4,"minecraft:iron_pickaxe":2,"minecraft:melon_slice":6,"minecraft:sugar_cane":10,"minecraft:iron_boots":1,"minecraft:furnace":6,"minecraft:egg":12,"minecraft:raw_iron":96,"minecraft:stick":51,"minecraft:torch":2,"minecraft:porkchop":18,"minecraft:arrow":22,"minecraft:rotten_flesh":16,"minecraft:tropical_fish":1,"minecraft:diamond_boots":1,"minecraft:hay_block":60,"minecraft:gold_ingot":4,"minecraft:blaze_rod":1,"minecraft:glow_berries":14,"minecraft:mutton":9,"minecraft:white_wool":6,"minecraft:cobblestone":31,"minecraft:feather":16,"minecraft:cooked_beef":8,"minecraft:glow_ink_sac":14,"minecraft:leather":32,"minecraft:flint":8,"minecraft:oak_log":32,"minecraft:yellow_bed":5,"minecraft:nether_wart_block":4,"minecraft:gunpowder":4,"minecraft:lapis_lazuli":48,"minecraft:dirt":310,"minecraft:name_tag":3,"minecraft:bone":13,"minecraft:apple":3,"minecraft:bow":4,"minecraft:stonecutter":2,"minecraft:wheat_seeds":15,"minecraft:raw_gold":26,"minecraft:iron_ingot":4,"minecraft:grindstone":2,"minecraft:fletching_table":1,"minecraft:moss_block":2,"minecraft:stone_hoe":1,"minecraft:warped_fungus":1,"minecraft:pumpkin":2,"minecraft:dripstone_block":9,"minecraft:sand":2,"minecraft:amethyst_shard":8,"minecraft:spruce_sapling":65,"sophisticatedbackpacks:iron_backpack":1,"minecraft:blast_furnace":2,"minecraft:white_bed":9,"minecraft:spruce_log":589,"minecraft:spider_eye":1,"minecraft:diamond_shovel":1,"minecraft:diamond":10,"waystones:waystone":4,"minecraft:iron_helmet":1,"minecraft:golden_apple":1,"minecraft:emerald":7,"minecraft:oak_sapling":5,"minecraft:netherrack":25,"minecraft:coal":41,"minecraft:crimson_roots":1},"minecraft:dropped":{"minecraft:stone_hoe":1,"minecraft:iron_ingot":10,"minecraft:bread":47,"minecraft:wheat_seeds":3,"minecraft:lapis_lazuli":24,"minecraft:warped_fungus":1,"minecraft:cooked_beef":8,"minecraft:oak_log":4,"minecraft:glow_ink_sac":7,"minecraft:diamond":2,"minecraft:cooked_porkchop":8,"minecraft:diamond_leggings":1,"minecraft:iron_helmet":10,"minecraft:feather":8,"minecraft:cobblestone":10,"minecraft:glow_berries":13,"minecraft:leather":16,"minecraft:apple":3,"minecraft:golden_apple":1,"minecraft:coal":10,"minecraft:emerald":7,"minecraft:flint":8,"minecraft:gold_block":1,"minecraft:diamond_horse_armor":1,"minecraft:diamond_helmet":1,"minecraft:amethyst_shard":4,"minecraft:pumpkin":1,"minecraft:iron_axe":6,"minecraft:iron_pickaxe":2,"minecraft:chainmail_leggings":12,"minecraft:string":9,"minecraft:gold_ingot":4,"minecraft:oak_trapdoor":1,"minecraft:raw_iron":46,"minecraft:chicken":2,"minecraft:rotten_flesh":4,"minecraft:clay_ball":4,"minecraft:oak_planks":53,"minecraft:diamond_shovel":2,"minecraft:name_tag":3,"sophisticatedbackpacks:backpack":1,"minecraft:blaze_powder":2,"minecraft:white_bed":1,"minecraft:chainmail_chestplate":12,"minecraft:diamond_sword":1,"minecraft:gunpowder":2,"minecraft:diamond_chestplate":1,"minecraft:spruce_planks":43,"minecraft:azalea":1,"minecraft:diamond_boots":2,"minecraft:arrow":11,"minecraft:bow":2,"minecraft:beef":33,"minecraft:raw_gold":13,"minecraft:egg":2}},"DataVersion":3465}