{"stats":{"minecraft:crafted":{"minecraft:oak_planks":112,"minecraft:stone_shovel":1,"minecraft:tinted_glass":4,"minecraft:blaze_powder":2,"minecraft:cooked_chicken":6,"minecraft:furnace":1,"minecraft:allay_spawn_egg":1,"minecraft:bone_meal":45,"minecraft:bookshelf":10,"minecraft:cooked_mutton":9,"minecraft:flint_and_steel":1,"minecraft:glass":2,"minecraft:diamond_helmet":2,"minecraft:diamond_leggings":2,"minecraft:iron_boots":1,"minecraft:iron_axe":10,"minecraft:melon_seeds":7,"minecraft:stone_pickaxe":1,"minecraft:chest":2,"minecraft:diamond_boots":2,"minecraft:stone_hoe":2,"minecraft:chainmail_leggings":12,"sophisticatedbackpacks:iron_backpack":1,"minecraft:wheat":540,"minecraft:cooked_beef":8,"minecraft:oak_slab":30,"minecraft:diamond_sword":2,"minecraft:emerald":360,"sophisticatedbackpacks:backpack":2,"minecraft:cooked_porkchop":16,"minecraft:crafting_table":2,"minecraft:spruce_planks":4924,"minecraft:wooden_pickaxe":1,"minecraft:iron_helmet":11,"minecraft:bell":4,"minecraft:iron_sword":1,"minecraft:chainmail_chestplate":12,"sophisticatedbackpacks:gold_backpack":1,"minecraft:bucket":1,"minecraft:stone_axe":2,"minecraft:enchanted_book":4,"minecraft:air":0,"minecraft:bread":180,"minecraft:charcoal":15,"minecraft:lectern":7,"minecraft:iron_chestplate":1,"minecraft:diamond_pickaxe":2,"minecraft:shield":2,"sophisticatedbackpacks:diamond_backpack":1,"minecraft:stick":9772,"minecraft:iron_ingot":59,"minecraft:iron_pickaxe":1,"minecraft:iron_block":1,"minecraft:stone_sword":1,"minecraft:gold_ingot":8,"minecraft:iron_leggings":1,"minecraft:white_bed":2,"minecraft:torch":120,"minecraft:diamond_chestplate":2},"minecraft:used":{"minecraft:azalea":3,"minecraft:oak_trapdoor":2,"minecraft:moss_block":2,"minecraft:moss_carpet":3,"minecraft:stone_sword":31,"minecraft:tropical_fish":1,"minecraft:flint_and_steel":9,"minecraft:stone_shovel":135,"minecraft:diamond_hoe":13,"minecraft:shield":50,"minecraft:tinted_glass":4,"minecraft:bell":1,"minecraft:iron_sword":171,"minecraft:cooked_chicken":3,"minecraft:rotten_flesh":8,"minecraft:stone_hoe":254,"minecraft:netherrack":35,"minecraft:oak_door":2,"minecraft:iron_chestplate":1,"minecraft:torch":205,"minecraft:dirt":204,"minecraft:warped_wart_block":6,"minecraft:obsidian":10,"minecraft:glass":38,"minecraft:lava_bucket":1,"minecraft:iron_axe":385,"minecraft:grass_block":1,"minecraft:warped_nylium":1,"minecraft:iron_helmet":1,"minecraft:iron_boots":1,"minecraft:crimson_roots":1,"minecraft:melon_seeds":10,"minecraft:blaze_spawn_egg":1,"minecraft:oak_sapling":5,"minecraft:furnace":7,"minecraft:gold_block":4,"minecraft:potato":215,"minecraft:cobbled_deepslate":6,"minecraft:iron_leggings":1,"minecraft:calcite":1,"minecraft:cooked_mutton":9,"minecraft:water_bucket":25,"minecraft:amethyst_block":1,"minecraft:warped_fungus_on_a_stick":1,"minecraft:stone_pickaxe":116,"minecraft:oak_planks":765,"minecraft:cartography_table":8,"minecraft:wooden_pickaxe":60,"minecraft:sugar_cane":16,"minecraft:fletching_table":7,"minecraft:stonecutter":1,"minecraft:crafting_table":12,"minecraft:blast_furnace":11,"minecraft:white_bed":10,"minecraft:dripstone_block":9,"minecraft:spruce_log":1,"waystones:waystone":7,"minecraft:diamond_pickaxe":8,"minecraft:crying_obsidian":2,"minecraft:bread":36,"minecraft:iron_pickaxe":75,"minecraft:lectern":15,"minecraft:spruce_sapling":120,"minecraft:stone_axe":203,"minecraft:nether_wart_block":4,"minecraft:diamond_sword":1,"minecraft:potion":1,"minecraft:cobblestone":3,"minecraft:grindstone":2,"minecraft:smithing_table":1,"minecraft:cooked_porkchop":8,"minecraft:bucket":28,"minecraft:pumpkin_pie":2,"minecraft:yellow_bed":8,"minecraft:bone_meal":22},"minecraft:broken":{"minecraft:stone_hoe":1,"minecraft:wooden_pickaxe":1,"minecraft:shield":1,"minecraft:iron_axe":1,"minecraft:stone_axe":1,"minecraft:stone_shovel":1},"minecraft:killed":{"minecraft:cave_spider":1,"minecraft:witch":1,"minecraft:spider":4,"minecraft:skeleton":13,"minecraft:chicken":12,"minecraft:drowned":1,"minecraft:piglin":1,"minecraft:pig":10,"minecraft:creeper":2,"minecraft:sheep":7,"minecraft:zombie":23,"minecraft:blaze":1,"minecraft:cow":19},"minecraft:mined":{"minecraft:large_amethyst_bud":1,"minecraft:crying_obsidian":2,"minecraft:white_bed":9,"minecraft:deepslate_diamond_ore":10,"minecraft:grass_block":136,"minecraft:crimson_roots":1,"minecraft:spruce_leaves":14,"minecraft:cartography_table":1,"minecraft:moss_block":2,"minecraft:hay_block":59,"minecraft:furnace":6,"minecraft:iron_ore":30,"minecraft:moss_carpet":1,"minecraft:pumpkin":1,"treechop:chopped_log":26,"minecraft:deepslate_lapis_ore":3,"minecraft:fletching_table":1,"minecraft:gold_block":5,"minecraft:potatoes":60,"minecraft:cave_vines":1,"minecraft:shroomlight":3,"minecraft:deepslate_iron_ore":55,"minecraft:stone":32,"minecraft:podzol":16,"minecraft:amethyst_cluster":1,"minecraft:clay":1,"minecraft:crafting_table":11,"minecraft:blast_furnace":2,"minecraft:calcite":2,"minecraft:melon":2,"minecraft:lectern":11,"minecraft:tall_grass":5,"minecraft:deepslate_gold_ore":19,"minecraft:grindstone":2,"minecraft:sugar_cane":5,"minecraft:wall_torch":1,"minecraft:amethyst_block":5,"minecraft:warped_wart_block":4,"minecraft:nether_wart_block":8,"minecraft:tinted_glass":4,"minecraft:yellow_bed":5,"minecraft:grass":58,"minecraft:coal_ore":15,"minecraft:oak_log":12,"minecraft:dirt":3,"minecraft:sand":2,"minecraft:dripstone_block":3,"minecraft:cobweb":11,"minecraft:stonecutter":2,"minecraft:netherrack":25,"minecraft:gold_ore":2,"minecraft:deepslate":22},"minecraft:custom":{"minecraft:mob_kills":98,"minecraft:interact_with_crafting_table":27,"minecraft:damage_dealt_resisted":264,"minecraft:leave_game":8,"minecraft:time_since_death":34317,"minecraft:climb_one_cm":899,"minecraft:sprint_one_cm":680061,"minecraft:walk_one_cm":639300,"minecraft:damage_blocked_by_shield":2940,"minecraft:drop":111,"minecraft:damage_dealt_absorbed":80,"minecraft:talked_to_villager":116,"minecraft:play_time":238269,"minecraft:sneak_time":8264,"minecraft:deaths":1,"minecraft:walk_under_water_one_cm":15541,"minecraft:boat_one_cm":15174,"minecraft:jump":3031,"minecraft:walk_on_water_one_cm":34022,"minecraft:total_world_time":238269,"minecraft:interact_with_furnace":91,"minecraft:traded_with_villager":433,"minecraft:sleep_in_bed":6,"minecraft:time_since_rest":5811,"minecraft:waystone_activated":8,"minecraft:damage_taken":2371,"minecraft:damage_dealt":13625,"minecraft:swim_one_cm":41962,"minecraft:fly_one_cm":1364457,"minecraft:open_chest":62,"minecraft:crouch_one_cm":30901,"minecraft:fall_one_cm":61517},"minecraft:picked_up":{"minecraft:crafting_table":11,"minecraft:chicken":14,"minecraft:clay_ball":4,"minecraft:gold_block":6,"minecraft:diamond_horse_armor":1,"minecraft:amethyst_block":1,"minecraft:string":26,"minecraft:moss_carpet":3,"minecraft:iron_leggings":1,"minecraft:shroomlight":3,"minecraft:cartography_table":1,"minecraft:cobbled_deepslate":24,"minecraft:beef":74,"minecraft:calcite":1,"minecraft:azalea":4,"minecraft:iron_pickaxe":2,"minecraft:tinted_glass":4,"minecraft:lectern":11,"minecraft:sugar_cane":16,"minecraft:melon_slice":9,"minecraft:iron_boots":1,"minecraft:furnace":6,"minecraft:egg":14,"minecraft:raw_iron":97,"minecraft:stick":241,"minecraft:torch":2,"minecraft:porkchop":18,"minecraft:arrow":22,"minecraft:rotten_flesh":16,"minecraft:tropical_fish":1,"minecraft:diamond_boots":1,"minecraft:hay_block":60,"minecraft:gold_ingot":4,"minecraft:blaze_rod":1,"minecraft:glow_berries":14,"minecraft:mutton":10,"minecraft:white_wool":7,"minecraft:cobblestone":32,"minecraft:feather":18,"minecraft:cooked_beef":8,"minecraft:glow_ink_sac":14,"minecraft:leather":32,"minecraft:potato":220,"minecraft:flint":8,"minecraft:oak_log":32,"minecraft:yellow_bed":5,"minecraft:nether_wart_block":8,"minecraft:gunpowder":4,"minecraft:lapis_lazuli":48,"minecraft:dirt":316,"minecraft:name_tag":3,"minecraft:bone":13,"minecraft:apple":3,"minecraft:bow":4,"minecraft:stonecutter":2,"minecraft:wheat_seeds":17,"minecraft:raw_gold":26,"minecraft:iron_ingot":4,"minecraft:grindstone":2,"minecraft:fletching_table":1,"minecraft:moss_block":2,"minecraft:stone_hoe":1,"minecraft:book":39,"minecraft:warped_fungus":1,"minecraft:pumpkin":2,"minecraft:warped_wart_block":4,"minecraft:poisonous_potato":1,"minecraft:dripstone_block":9,"minecraft:sand":2,"minecraft:amethyst_shard":8,"minecraft:spruce_sapling":182,"sophisticatedbackpacks:iron_backpack":1,"minecraft:blast_furnace":2,"minecraft:white_bed":9,"minecraft:spruce_log":1536,"minecraft:crying_obsidian":2,"minecraft:spider_eye":1,"minecraft:diamond_shovel":1,"minecraft:diamond":10,"waystones:waystone":4,"minecraft:iron_helmet":1,"minecraft:golden_apple":1,"minecraft:emerald":7,"minecraft:oak_sapling":5,"minecraft:netherrack":25,"minecraft:coal":41,"minecraft:crimson_roots":1},"minecraft:dropped":{"minecraft:stone_hoe":1,"minecraft:iron_ingot":10,"minecraft:bread":47,"minecraft:wheat_seeds":3,"minecraft:lapis_lazuli":24,"minecraft:warped_fungus":1,"minecraft:cooked_beef":8,"minecraft:oak_log":4,"minecraft:glow_ink_sac":7,"minecraft:diamond":2,"minecraft:cooked_porkchop":8,"minecraft:diamond_leggings":1,"minecraft:poisonous_potato":1,"minecraft:feather":8,"minecraft:iron_helmet":10,"minecraft:cobblestone":10,"minecraft:glow_berries":13,"minecraft:leather":16,"minecraft:apple":3,"minecraft:coal":10,"minecraft:golden_apple":1,"minecraft:emerald":7,"minecraft:stick":116,"minecraft:flint":8,"minecraft:gold_block":1,"minecraft:diamond_horse_armor":1,"minecraft:diamond_helmet":1,"minecraft:amethyst_shard":4,"minecraft:pumpkin":1,"minecraft:iron_axe":6,"minecraft:iron_pickaxe":2,"minecraft:chainmail_leggings":12,"minecraft:string":9,"minecraft:gold_ingot":4,"minecraft:oak_trapdoor":1,"minecraft:raw_iron":46,"minecraft:chicken":2,"minecraft:rotten_flesh":4,"minecraft:clay_ball":4,"minecraft:oak_planks":53,"minecraft:diamond_shovel":2,"minecraft:name_tag":3,"sophisticatedbackpacks:backpack":1,"minecraft:blaze_powder":2,"minecraft:white_bed":1,"minecraft:chainmail_chestplate":12,"minecraft:diamond_sword":1,"minecraft:gunpowder":2,"minecraft:diamond_chestplate":1,"minecraft:spruce_planks":43,"minecraft:azalea":1,"minecraft:diamond_boots":2,"minecraft:arrow":11,"minecraft:bow":2,"minecraft:beef":33,"minecraft:raw_gold":13,"minecraft:egg":2}},"DataVersion":3465}