{"stats":{"minecraft:mined":{"minecraft:large_amethyst_bud":1,"minecraft:white_bed":4,"minecraft:deepslate_diamond_ore":10,"minecraft:grass_block":65,"minecraft:spruce_leaves":1,"minecraft:moss_block":2,"minecraft:hay_block":59,"minecraft:furnace":6,"minecraft:iron_ore":29,"minecraft:moss_carpet":1,"minecraft:pumpkin":1,"treechop:chopped_log":5,"minecraft:deepslate_lapis_ore":3,"minecraft:fletching_table":1,"minecraft:gold_block":1,"minecraft:cave_vines":1,"minecraft:deepslate_iron_ore":55,"minecraft:stone":31,"minecraft:amethyst_cluster":1,"minecraft:clay":1,"minecraft:crafting_table":10,"minecraft:blast_furnace":1,"minecraft:calcite":2,"minecraft:tall_grass":3,"minecraft:deepslate_gold_ore":19,"minecraft:grindstone":2,"minecraft:sugar_cane":3,"minecraft:wall_torch":1,"minecraft:amethyst_block":5,"minecraft:grass":40,"minecraft:oak_log":12,"minecraft:coal_ore":15,"minecraft:dirt":1,"minecraft:dripstone_block":3,"minecraft:cobweb":11,"minecraft:stonecutter":1,"minecraft:gold_ore":2,"minecraft:deepslate":22},"minecraft:used":{"minecraft:azalea":3,"minecraft:moss_block":2,"minecraft:moss_carpet":3,"minecraft:stone_sword":31,"minecraft:tropical_fish":1,"minecraft:stone_shovel":65,"minecraft:shield":49,"minecraft:iron_sword":158,"minecraft:stone_hoe":59,"minecraft:cooked_chicken":2,"minecraft:rotten_flesh":8,"minecraft:oak_door":2,"minecraft:iron_chestplate":1,"minecraft:torch":196,"minecraft:dirt":80,"minecraft:glass":38,"minecraft:grass_block":1,"minecraft:iron_helmet":1,"minecraft:iron_boots":1,"minecraft:oak_sapling":5,"minecraft:furnace":7,"minecraft:cobbled_deepslate":4,"minecraft:iron_leggings":1,"minecraft:calcite":1,"minecraft:cooked_mutton":9,"minecraft:water_bucket":17,"minecraft:amethyst_block":1,"minecraft:stone_pickaxe":116,"minecraft:oak_planks":524,"minecraft:wooden_pickaxe":34,"minecraft:sugar_cane":10,"minecraft:stonecutter":1,"minecraft:crafting_table":11,"minecraft:white_bed":5,"minecraft:dripstone_block":9,"waystones:waystone":4,"minecraft:bread":24,"minecraft:iron_pickaxe":67,"minecraft:spruce_sapling":4,"minecraft:stone_axe":95,"minecraft:cobblestone":2,"minecraft:grindstone":1,"minecraft:cooked_porkchop":8,"minecraft:bucket":18,"minecraft:pumpkin_pie":2},"minecraft:picked_up":{"minecraft:crafting_table":10,"minecraft:chicken":8,"minecraft:clay_ball":4,"minecraft:gold_block":1,"minecraft:amethyst_block":1,"minecraft:string":17,"minecraft:moss_carpet":3,"minecraft:iron_leggings":1,"minecraft:cobbled_deepslate":24,"minecraft:beef":41,"minecraft:calcite":1,"minecraft:azalea":4,"minecraft:sugar_cane":10,"minecraft:egg":7,"minecraft:iron_boots":1,"minecraft:furnace":6,"minecraft:stick":6,"minecraft:raw_iron":82,"minecraft:torch":2,"minecraft:porkchop":18,"minecraft:arrow":11,"minecraft:rotten_flesh":13,"minecraft:tropical_fish":1,"minecraft:hay_block":60,"minecraft:glow_berries":1,"minecraft:mutton":9,"minecraft:cobblestone":31,"minecraft:white_wool":6,"minecraft:feather":8,"minecraft:glow_ink_sac":7,"minecraft:leather":16,"minecraft:oak_log":32,"minecraft:gunpowder":2,"minecraft:lapis_lazuli":24,"minecraft:dirt":256,"minecraft:bone":13,"minecraft:stonecutter":1,"minecraft:bow":2,"minecraft:wheat_seeds":8,"minecraft:raw_gold":21,"minecraft:grindstone":2,"minecraft:fletching_table":1,"minecraft:moss_block":2,"minecraft:stone_hoe":1,"minecraft:pumpkin":1,"minecraft:dripstone_block":9,"minecraft:amethyst_shard":4,"minecraft:spruce_sapling":2,"sophisticatedbackpacks:iron_backpack":1,"minecraft:blast_furnace":1,"minecraft:white_bed":4,"minecraft:spruce_log":14,"minecraft:spider_eye":1,"minecraft:diamond":10,"waystones:waystone":4,"minecraft:iron_helmet":1,"minecraft:oak_sapling":5,"minecraft:coal":37},"minecraft:custom":{"minecraft:mob_kills":90,"minecraft:interact_with_crafting_table":19,"minecraft:damage_dealt_resisted":264,"minecraft:leave_game":1,"minecraft:time_since_death":132272,"minecraft:climb_one_cm":899,"minecraft:sprint_one_cm":464744,"minecraft:walk_one_cm":374511,"minecraft:damage_blocked_by_shield":2880,"minecraft:drop":24,"minecraft:damage_dealt_absorbed":80,"minecraft:play_time":132272,"minecraft:sneak_time":5839,"minecraft:walk_under_water_one_cm":13473,"minecraft:boat_one_cm":15174,"minecraft:jump":2223,"minecraft:walk_on_water_one_cm":27296,"minecraft:total_world_time":132272,"minecraft:interact_with_furnace":85,"minecraft:sleep_in_bed":4,"minecraft:time_since_rest":11544,"minecraft:waystone_activated":5,"minecraft:damage_taken":2121,"minecraft:damage_dealt":12646,"minecraft:swim_one_cm":18205,"minecraft:fly_one_cm":818559,"minecraft:open_chest":17,"minecraft:crouch_one_cm":20701,"minecraft:fall_one_cm":51879},"minecraft:crafted":{"minecraft:oak_planks":112,"minecraft:stone_shovel":1,"minecraft:cooked_chicken":6,"minecraft:furnace":1,"minecraft:cooked_mutton":9,"minecraft:iron_boots":1,"minecraft:stone_pickaxe":1,"minecraft:chest":2,"minecraft:stone_hoe":1,"sophisticatedbackpacks:iron_backpack":1,"minecraft:cooked_beef":8,"sophisticatedbackpacks:backpack":2,"minecraft:cooked_porkchop":16,"minecraft:crafting_table":1,"minecraft:spruce_planks":56,"minecraft:wooden_pickaxe":1,"minecraft:iron_helmet":1,"minecraft:iron_sword":1,"sophisticatedbackpacks:gold_backpack":1,"minecraft:bucket":1,"minecraft:stone_axe":1,"minecraft:air":0,"minecraft:iron_chestplate":1,"minecraft:shield":2,"sophisticatedbackpacks:diamond_backpack":1,"minecraft:stick":40,"minecraft:iron_ingot":47,"minecraft:iron_pickaxe":1,"minecraft:stone_sword":1,"minecraft:iron_leggings":1,"minecraft:gold_ingot":8,"minecraft:white_bed":2,"minecraft:torch":120},"minecraft:killed":{"minecraft:cave_spider":1,"minecraft:witch":1,"minecraft:spider":4,"minecraft:skeleton":13,"minecraft:chicken":8,"minecraft:pig":10,"minecraft:creeper":2,"minecraft:sheep":6,"minecraft:zombie":23,"minecraft:cow":19},"minecraft:dropped":{"minecraft:stone_hoe":1,"minecraft:iron_ingot":6,"minecraft:bread":47,"minecraft:oak_log":4,"minecraft:diamond":2,"minecraft:cooked_porkchop":8,"minecraft:cobblestone":10,"minecraft:coal":6,"minecraft:amethyst_shard":1,"minecraft:raw_iron":32,"minecraft:rotten_flesh":1,"minecraft:clay_ball":4,"minecraft:oak_planks":53,"sophisticatedbackpacks:backpack":1,"minecraft:white_bed":1,"minecraft:spruce_planks":43,"minecraft:azalea":1,"minecraft:raw_gold":8}},"DataVersion":3465}