{"stats":{"minecraft:custom":{"minecraft:interact_with_crafting_table":31,"minecraft:leave_game":14,"minecraft:time_since_death":50748,"minecraft:sprint_one_cm":710784,"minecraft:damage_blocked_by_shield":2940,"minecraft:drop":111,"minecraft:talked_to_villager":131,"minecraft:play_time":254700,"minecraft:deaths":1,"minecraft:jump":3111,"minecraft:walk_on_water_one_cm":34664,"minecraft:interact_with_furnace":100,"minecraft:traded_with_villager":529,"minecraft:sleep_in_bed":7,"minecraft:waystone_activated":8,"minecraft:damage_dealt":13625,"minecraft:crouch_one_cm":30901,"minecraft:mob_kills":98,"minecraft:interact_with_anvil":7,"minecraft:damage_dealt_resisted":264,"minecraft:climb_one_cm":899,"minecraft:walk_one_cm":673854,"minecraft:damage_dealt_absorbed":80,"minecraft:sneak_time":8264,"minecraft:walk_under_water_one_cm":15886,"minecraft:boat_one_cm":15174,"minecraft:total_world_time":254700,"minecraft:interact_with_grindstone":2,"minecraft:time_since_rest":10456,"minecraft:damage_taken":2379,"minecraft:swim_one_cm":47681,"minecraft:fly_one_cm":1389482,"minecraft:open_chest":65,"minecraft:fall_one_cm":61935},"minecraft:crafted":{"minecraft:oak_planks":112,"minecraft:blaze_powder":2,"minecraft:cooked_chicken":6,"minecraft:bookshelf":10,"minecraft:cooked_mutton":9,"minecraft:glass":2,"minecraft:diamond_helmet":2,"minecraft:iron_boots":1,"minecraft:diamond_leggings":2,"minecraft:melon_seeds":7,"minecraft:chest":2,"minecraft:stone_hoe":2,"minecraft:oak_slab":30,"sophisticatedbackpacks:backpack":2,"minecraft:emerald":450,"minecraft:cooked_porkchop":16,"minecraft:crafting_table":2,"minecraft:spruce_planks":6204,"minecraft:wooden_pickaxe":1,"minecraft:iron_helmet":11,"minecraft:chainmail_chestplate":12,"minecraft:lectern":7,"minecraft:iron_chestplate":1,"minecraft:diamond_pickaxe":2,"minecraft:charcoal":15,"minecraft:shield":2,"sophisticatedbackpacks:diamond_backpack":1,"minecraft:stick":12329,"minecraft:iron_ingot":79,"minecraft:iron_pickaxe":1,"minecraft:iron_block":3,"minecraft:stone_sword":1,"minecraft:gold_ingot":8,"minecraft:stone_shovel":1,"minecraft:tinted_glass":4,"minecraft:furnace":1,"minecraft:allay_spawn_egg":1,"minecraft:bone_meal":45,"minecraft:flint_and_steel":1,"minecraft:iron_axe":10,"minecraft:stone_pickaxe":1,"minecraft:diamond_boots":2,"minecraft:chainmail_leggings":12,"minecraft:wheat":540,"sophisticatedbackpacks:iron_backpack":1,"minecraft:cooked_beef":8,"minecraft:diamond_sword":2,"minecraft:iron_sword":1,"minecraft:bell":4,"sophisticatedbackpacks:gold_backpack":1,"minecraft:bucket":1,"minecraft:stone_axe":2,"minecraft:enchanted_book":10,"minecraft:bread":180,"minecraft:air":0,"minecraft:iron_leggings":1,"minecraft:anvil":1,"minecraft:white_bed":2,"minecraft:torch":120,"minecraft:diamond_chestplate":2},"minecraft:broken":{"minecraft:stone_axe":1,"minecraft:stone_shovel":1,"minecraft:stone_hoe":1,"minecraft:wooden_pickaxe":1,"minecraft:shield":1,"minecraft:iron_axe":1},"minecraft:dropped":{"minecraft:lapis_lazuli":24,"minecraft:warped_fungus":1,"minecraft:cooked_beef":8,"minecraft:oak_log":4,"minecraft:glow_ink_sac":7,"minecraft:diamond":2,"minecraft:cooked_porkchop":8,"minecraft:glow_berries":13,"minecraft:leather":16,"minecraft:flint":8,"minecraft:emerald":7,"minecraft:gold_block":1,"minecraft:amethyst_shard":4,"minecraft:iron_pickaxe":2,"minecraft:gold_ingot":4,"minecraft:rotten_flesh":4,"minecraft:oak_planks":53,"minecraft:diamond_shovel":2,"minecraft:blaze_powder":2,"minecraft:white_bed":1,"minecraft:chainmail_chestplate":12,"minecraft:gunpowder":2,"minecraft:azalea":1,"minecraft:arrow":11,"minecraft:beef":33,"minecraft:egg":2,"minecraft:stone_hoe":1,"minecraft:iron_ingot":10,"minecraft:bread":47,"minecraft:wheat_seeds":3,"minecraft:diamond_leggings":1,"minecraft:poisonous_potato":1,"minecraft:iron_helmet":10,"minecraft:feather":8,"minecraft:cobblestone":10,"minecraft:apple":3,"minecraft:coal":10,"minecraft:golden_apple":1,"minecraft:stick":116,"minecraft:diamond_horse_armor":1,"minecraft:diamond_helmet":1,"minecraft:pumpkin":1,"minecraft:iron_axe":6,"minecraft:chainmail_leggings":12,"minecraft:string":9,"minecraft:oak_trapdoor":1,"minecraft:raw_iron":46,"minecraft:chicken":2,"minecraft:clay_ball":4,"sophisticatedbackpacks:backpack":1,"minecraft:name_tag":3,"minecraft:diamond_sword":1,"minecraft:diamond_chestplate":1,"minecraft:spruce_planks":43,"minecraft:diamond_boots":2,"minecraft:bow":2,"minecraft:raw_gold":13},"minecraft:mined":{"minecraft:large_amethyst_bud":1,"minecraft:white_bed":9,"minecraft:grass_block":136,"minecraft:iron_ore":30,"minecraft:pumpkin":1,"minecraft:moss_carpet":1,"minecraft:fletching_table":1,"minecraft:deepslate_lapis_ore":3,"minecraft:cave_vines":1,"minecraft:amethyst_cluster":1,"minecraft:clay":1,"minecraft:blast_furnace":2,"minecraft:calcite":2,"minecraft:melon":2,"minecraft:grindstone":2,"minecraft:sugar_cane":5,"minecraft:wall_torch":1,"minecraft:amethyst_block":5,"minecraft:nether_wart_block":8,"minecraft:tinted_glass":4,"minecraft:grass":58,"minecraft:oak_log":12,"minecraft:sand":2,"minecraft:dirt":3,"minecraft:stonecutter":2,"minecraft:netherrack":25,"minecraft:deepslate":22,"minecraft:crying_obsidian":2,"minecraft:deepslate_diamond_ore":10,"minecraft:crimson_roots":1,"minecraft:spruce_leaves":14,"minecraft:moss_block":2,"minecraft:cartography_table":1,"minecraft:hay_block":59,"minecraft:furnace":6,"treechop:chopped_log":26,"minecraft:gold_block":5,"minecraft:potatoes":60,"minecraft:deepslate_iron_ore":55,"minecraft:shroomlight":3,"minecraft:stone":32,"minecraft:podzol":16,"minecraft:crafting_table":11,"minecraft:lectern":11,"minecraft:tall_grass":5,"minecraft:deepslate_gold_ore":19,"minecraft:warped_wart_block":4,"minecraft:yellow_bed":5,"minecraft:coal_ore":15,"minecraft:dripstone_block":3,"minecraft:cobweb":11,"minecraft:gold_ore":2},"minecraft:used":{"minecraft:moss_block":2,"minecraft:moss_carpet":3,"minecraft:diamond_hoe":13,"minecraft:shield":50,"minecraft:iron_sword":171,"minecraft:bell":1,"minecraft:rotten_flesh":8,"minecraft:iron_chestplate":1,"minecraft:obsidian":10,"minecraft:glass":38,"minecraft:lava_bucket":1,"minecraft:grass_block":1,"minecraft:warped_nylium":1,"minecraft:iron_helmet":1,"minecraft:crimson_roots":1,"minecraft:furnace":7,"minecraft:oak_sapling":5,"minecraft:gold_block":4,"minecraft:potato":232,"minecraft:warped_fungus_on_a_stick":2,"minecraft:stone_pickaxe":116,"minecraft:oak_planks":765,"minecraft:wooden_pickaxe":60,"minecraft:sugar_cane":16,"minecraft:blast_furnace":11,"minecraft:dripstone_block":9,"waystones:waystone":7,"minecraft:crying_obsidian":2,"minecraft:bread":37,"minecraft:lectern":15,"minecraft:nether_wart_block":4,"minecraft:diamond_sword":1,"minecraft:grindstone":2,"minecraft:smithing_table":1,"minecraft:bone_meal":22,"minecraft:azalea":3,"minecraft:oak_trapdoor":2,"minecraft:stone_sword":31,"minecraft:flint_and_steel":9,"minecraft:tropical_fish":1,"minecraft:stone_shovel":135,"minecraft:tinted_glass":4,"minecraft:stone_hoe":254,"minecraft:cooked_chicken":3,"minecraft:netherrack":35,"minecraft:oak_door":2,"minecraft:torch":205,"minecraft:dirt":204,"minecraft:warped_wart_block":6,"minecraft:anvil":1,"minecraft:iron_axe":385,"minecraft:iron_boots":1,"minecraft:melon_seeds":10,"minecraft:blaze_spawn_egg":1,"minecraft:cobbled_deepslate":6,"minecraft:iron_leggings":1,"minecraft:calcite":1,"minecraft:cooked_mutton":9,"minecraft:water_bucket":25,"minecraft:amethyst_block":1,"minecraft:cartography_table":8,"minecraft:fletching_table":7,"minecraft:stonecutter":1,"minecraft:crafting_table":12,"minecraft:white_bed":10,"minecraft:spruce_log":1,"minecraft:diamond_pickaxe":8,"minecraft:iron_pickaxe":75,"minecraft:spruce_sapling":120,"minecraft:stone_axe":203,"minecraft:cobblestone":3,"minecraft:potion":1,"minecraft:cooked_porkchop":8,"minecraft:bucket":28,"minecraft:yellow_bed":8,"minecraft:pumpkin_pie":2},"minecraft:picked_up":{"minecraft:amethyst_block":1,"minecraft:string":26,"minecraft:iron_leggings":1,"minecraft:shroomlight":3,"minecraft:cobbled_deepslate":24,"minecraft:spruce_planks":26,"minecraft:calcite":1,"minecraft:azalea":4,"minecraft:iron_pickaxe":2,"minecraft:melon_slice":9,"minecraft:furnace":6,"minecraft:iron_boots":1,"minecraft:stick":244,"minecraft:torch":2,"minecraft:porkchop":18,"minecraft:rotten_flesh":16,"minecraft:tropical_fish":1,"minecraft:blaze_rod":1,"minecraft:cobblestone":32,"minecraft:feather":18,"minecraft:cooked_beef":8,"minecraft:potato":220,"minecraft:flint":8,"minecraft:dirt":316,"minecraft:lapis_lazuli":48,"minecraft:name_tag":3,"minecraft:bone":13,"minecraft:stonecutter":2,"minecraft:bow":4,"minecraft:wheat_seeds":17,"minecraft:raw_gold":26,"minecraft:grindstone":2,"minecraft:fletching_table":1,"minecraft:moss_block":2,"minecraft:stone_hoe":1,"minecraft:warped_wart_block":4,"minecraft:poisonous_potato":1,"minecraft:sand":2,"sophisticatedbackpacks:iron_backpack":1,"minecraft:diamond":10,"waystones:waystone":4,"minecraft:golden_apple":1,"minecraft:emerald":7,"minecraft:oak_sapling":5,"minecraft:netherrack":25,"minecraft:crimson_roots":1,"minecraft:crafting_table":11,"minecraft:chicken":14,"minecraft:clay_ball":4,"minecraft:gold_block":6,"minecraft:diamond_horse_armor":1,"minecraft:moss_carpet":3,"minecraft:cartography_table":1,"minecraft:beef":74,"minecraft:lectern":11,"minecraft:tinted_glass":4,"minecraft:sugar_cane":16,"minecraft:egg":14,"minecraft:raw_iron":97,"minecraft:arrow":22,"minecraft:diamond_boots":1,"minecraft:hay_block":60,"minecraft:gold_ingot":4,"minecraft:glow_berries":14,"minecraft:mutton":10,"minecraft:white_wool":7,"minecraft:glow_ink_sac":14,"minecraft:leather":32,"minecraft:oak_log":32,"minecraft:yellow_bed":5,"minecraft:nether_wart_block":8,"minecraft:gunpowder":4,"minecraft:apple":3,"minecraft:iron_ingot":4,"minecraft:book":39,"minecraft:warped_fungus":1,"minecraft:pumpkin":2,"minecraft:dripstone_block":9,"minecraft:amethyst_shard":8,"minecraft:spruce_sapling":182,"minecraft:blast_furnace":2,"minecraft:white_bed":9,"minecraft:spruce_log":1536,"minecraft:crying_obsidian":2,"minecraft:spider_eye":1,"minecraft:diamond_shovel":1,"minecraft:iron_helmet":1,"minecraft:coal":41},"minecraft:killed":{"minecraft:cave_spider":1,"minecraft:witch":1,"minecraft:spider":4,"minecraft:skeleton":13,"minecraft:chicken":12,"minecraft:piglin":1,"minecraft:pig":10,"minecraft:creeper":2,"minecraft:sheep":7,"minecraft:zombie":23,"minecraft:cow":19,"minecraft:blaze":1,"minecraft:drowned":1}},"DataVersion":3465}